Name;ISIN;Symbol;Market;Currency;"Open Price";"High Price";"low Price";"last Price";"last Trade MIC Time";"Time Zone";Volume;Turnover;"Closing Price";"Closing Price DateTime"
"European Equities"
"28 Jan 2024"
"All datapoints provided as of end of last active trading day."
"AB SCIENCE";FR0010557264;AB;"Euronext Paris";EUR;3.81;4.00;3.77;3.85;"26/01/2024 17:35";CET;259742;1003949.65;3.85;26/01/2024
"ABC ARBITRAGE";FR0004040608;ABCA;"Euronext Paris";EUR;4.435;4.48;4.42;4.435;"26/01/2024 17:35";CET;39705;176514.755;4.435;26/01/2024
ABEO;FR0013185857;ABEO;"Euronext Paris";EUR;14.90;14.90;13.50;14.60;"26/01/2024 17:36";CET;3068;43714.35;14.60;26/01/2024
"ABIONYX PHARMA";FR0012616852;ABNX;"Euronext Paris";EUR;1.23;1.256;1.23;1.25;"26/01/2024 17:35";CET;15551;19215.692;1.25;26/01/2024
ABIVAX;FR0012333284;ABVX;"Euronext Paris";EUR;11.08;11.70;10.90;11.62;"26/01/2024 17:36";CET;37050;420751.42;11.62;26/01/2024
"ABL Diagnostics";FR001400AHX6;ABLD;"Euronext Paris";EUR;9.70;9.70;9.70;9.70;"13/10/2023 11:30";CET;15;145.50;9.70;26/01/2024
"ABO GROUP";BE0974278104;ABO;"Euronext Brussels, Paris";EUR;5.90;5.90;5.80;5.80;"25/01/2024 17:35";CET;165;958.50;5.80;26/01/2024
"ACANTHE DEV.";FR0000064602;ACAN;"Euronext Paris";EUR;0.392;0.394;0.382;0.394;"26/01/2024 15:55";CET;9236;3592.558;0.394;26/01/2024
ACCOR;FR0000120404;AC;"Euronext Paris";EUR;36.64;37.33;36.54;37.02;"26/01/2024 17:37";CET;826841;30640109.72;37.02;26/01/2024
ACTEOS;FR0000076861;EOS;"Euronext Paris";EUR;1.50;1.56;1.50;1.50;"26/01/2024 16:19";CET;5581;8484.29;1.50;26/01/2024
"ADC SIIC";BE0974269012;ALDV;"Euronext Paris";EUR;0.066;0.066;0.066;0.066;"26/01/2024 16:30";CET;1308;86.328;0.066;26/01/2024
ADOCIA;FR0011184241;ADOC;"Euronext Paris";EUR;10.50;10.84;10.48;10.66;"26/01/2024 17:36";CET;90457;964568.62;10.66;26/01/2024
ADP;FR0010340141;ADP;"Euronext Paris";EUR;124.30;125.40;123.20;125.40;"26/01/2024 17:36";CET;135676;16982793.40;125.40;26/01/2024
ADUX;FR0012821890;ADUX;"Euronext Paris, Amsterdam";EUR;1.345;1.35;1.34;1.34;"26/01/2024 17:35";CET;688;923.66;1.34;26/01/2024
"AELIS FARMA";FR0014007ZB4;AELIS;"Euronext Paris";EUR;13.55;13.60;13.45;13.60;"26/01/2024 17:37";CET;102;1378.20;13.60;26/01/2024
"AERKOMM INC";US00774B2088;AKOM;"Euronext Paris";EUR;2.22;2.22;2.22;2.22;"08/12/2023 11:45";CET;30;66.60;2.22;26/01/2024
"AFFLUENT MED BSAR";FR001400FL38;AFMBS;"Euronext Paris";EUR;0.01;0.01;0.01;0.01;"26/01/2024 15:25";CET;1027;10.27;0.01;26/01/2024
"AFFLUENT MEDICAL";FR0013333077;AFME;"Euronext Paris";EUR;1.70;1.70;1.62;1.62;"26/01/2024 15:05";CET;152;252.40;1.62;26/01/2024
"AIR FRANCE -KLM";FR001400J770;AF;"Euronext Paris, Amsterdam";EUR;12.244;12.382;12.048;12.35;"26/01/2024 17:35";CET;1157384;14194891.58;12.35;26/01/2024
"AIR LIQUIDE";FR0000120073;AI;"Euronext Paris";EUR;171.62;172.78;171.12;171.48;"26/01/2024 17:35";CET;629109;108015452.90;171.48;26/01/2024
AIRBUS;NL0000235190;AIR;"Euronext Paris";EUR;148.56;149.40;148.24;149.28;"26/01/2024 17:38";CET;796083;118640902.62;149.28;26/01/2024
AKWEL;FR0000053027;AKW;"Euronext Paris";EUR;16.22;16.24;15.64;16.12;"26/01/2024 17:35";CET;23287;375998.58;16.12;26/01/2024
"ALAN ALLMAN";FR0000062465;AAA;"Euronext Paris";EUR;10.55;10.55;10.55;10.55;"26/01/2024 09:00";CET;183;1930.65;10.55;26/01/2024
ALD;FR0013258662;ALD;"Euronext Paris";EUR;5.97;6.135;5.875;6.115;"26/01/2024 17:35";CET;1176423;7112913.975;6.115;26/01/2024
"ALPES (COMPAGNIE)";FR0000053324;CDA;"Euronext Paris";EUR;15.04;15.32;15.04;15.18;"26/01/2024 17:35";CET;28893;439510.16;15.18;26/01/2024
ALSTOM;FR0010220475;ALO;"Euronext Paris";EUR;11.415;11.775;11.37;11.695;"26/01/2024 17:38";CET;2866196;33439153.52;11.695;26/01/2024
ALTAMIR;FR0000053837;LTA;"Euronext Paris";EUR;24.20;24.50;24.10;24.50;"26/01/2024 17:35";CET;792;19295.30;24.50;26/01/2024
ALTAREA;FR0000033219;ALTA;"Euronext Paris";EUR;80.00;81.10;80.00;80.60;"26/01/2024 17:36";CET;3176;255747.90;80.60;26/01/2024
ALTAREIT;FR0000039216;AREIT;"Euronext Paris";EUR;454.00;454.00;442.00;442.00;"26/01/2024 13:36";CET;2;896.00;442.00;26/01/2024
ALTEN;FR0000071946;ATE;"Euronext Paris";EUR;142.70;143.50;140.50;142.80;"26/01/2024 17:35";CET;52758;7517251.80;142.80;26/01/2024
"ALTUR INVEST.";FR0010395681;ALTUR;"Euronext Paris";EUR;11.00;11.00;11.00;11.00;"26/01/2024 17:35";CET;89782;987602.00;11.00;26/01/2024
"AMPLITUDE SURGICAL";FR0012789667;AMPLI;"Euronext Paris";EUR;3.26;3.26;3.20;3.26;"26/01/2024 17:35";CET;503;1621.78;3.26;26/01/2024
AMUNDI;FR0004125920;AMUN;"Euronext Paris";EUR;64.20;65.10;63.90;64.65;"26/01/2024 17:36";CET;111249;7197253.30;64.65;26/01/2024
"ANTIN INFRA PARTN";FR0014005AL0;ANTIN;"Euronext Paris";EUR;16.35;17.15;16.05;16.60;"26/01/2024 17:36";CET;138137;2295528.40;16.60;26/01/2024
APERAM;LU0569974404;APAM;"Euronext Amsterdam, Brussels, Paris";EUR;29.71;29.72;29.39;29.55;"26/01/2024 17:35";CET;111135;3284585.38;29.55;26/01/2024
"ARAMIS GROUP";FR0014003U94;ARAMI;"Euronext Paris";EUR;3.97;3.995;3.93;3.97;"26/01/2024 17:37";CET;13955;55170.58;3.97;26/01/2024
"ARCELORMITTAL SA";LU1598757687;MT;"Euronext Amsterdam, Paris";EUR;25.42;25.605;25.33;25.38;"26/01/2024 17:35";CET;1511776;38465961.29;25.38;26/01/2024
ARGAN;FR0010481960;ARG;"Euronext Paris";EUR;80.60;81.30;80.20;81.00;"26/01/2024 17:35";CET;8028;647892.90;81.00;26/01/2024
ARKEMA;FR0010313833;AKE;"Euronext Paris";EUR;101.40;103.90;101.15;103.05;"26/01/2024 17:35";CET;164556;16945936.00;103.05;26/01/2024
ARTEA;FR0012185536;ARTE;"Euronext Paris";EUR;14.40;14.40;14.40;14.40;"26/01/2024 09:00";CET;1;14.40;14.40;26/01/2024
"ARTMARKET COM";FR0000074783;PRC;"Euronext Paris";EUR;4.835;6.15;4.835;5.51;"26/01/2024 17:35";CET;72315;402705.665;5.51;26/01/2024
"ARTOIS NOM.";FR0000076952;ARTO;"Euronext Paris";EUR;5100.00;5100.00;5100.00;5100.00;"26/01/2024 14:53";CET;4;20400.00;5100.00;26/01/2024
"ARVERNE GROUP";FR001400JWR8;ARVEN;"Euronext Paris";EUR;8.989;8.99;8.90;8.901;"26/01/2024 17:23";CET;856;7639.797;8.901;26/01/2024
"ARVERNE WARRANT";FR0014003AC4;ARVBS;"Euronext Paris";EUR;0.06;0.06;0.06;0.06;"17/01/2024 10:38";CET;5;0.30;0.06;26/01/2024
ASSYSTEM;FR0000074148;ASY;"Euronext Paris";EUR;51.00;52.60;50.60;52.00;"26/01/2024 17:35";CET;32484;1683425.40;52.00;26/01/2024
ATEME;FR0011992700;ATEME;"Euronext Paris";EUR;6.84;6.84;6.60;6.70;"26/01/2024 17:35";CET;3478;23245.96;6.70;26/01/2024
ATLAND;FR0013455482;ATLD;"Euronext Paris";EUR;42.00;42.00;41.00;41.40;"26/01/2024 17:29";CET;1885;78362.60;41.40;26/01/2024
ATOS;FR0000051732;ATO;"Euronext Paris";EUR;4.416;4.622;4.15;4.448;"26/01/2024 17:35";CET;3210941;14119986.159;4.448;26/01/2024
AUBAY;FR0000063737;AUB;"Euronext Paris";EUR;42.00;42.25;41.45;41.55;"26/01/2024 17:35";CET;12881;537245.05;41.55;26/01/2024
"AUGROS COSMETICS";FR0000061780;AUGR;"Euronext Paris";EUR;6.90;6.90;6.90;6.90;"26/01/2024 11:30";CET;416;2870.40;6.90;26/01/2024
AUREA;FR0000039232;AURE;"Euronext Paris";EUR;5.32;5.50;5.26;5.26;"26/01/2024 17:35";CET;96;505.26;5.26;26/01/2024
"AVENIR TELECOM";FR001400CFI7;AVT;"Euronext Paris";EUR;0.1568;0.159;0.145;0.155;"26/01/2024 17:35";CET;445573;68547.1558;0.155;26/01/2024
AXA;FR0000120628;CS;"Euronext Paris";EUR;30.815;31.16;30.815;30.92;"26/01/2024 17:35";CET;2924888;90554164.005;30.92;26/01/2024
"AXA NV24";FR001400M7B2;CSNV;"Euronext Paris";EUR;28.90;28.90;28.90;28.90;"26/01/2024 16:30";CET;285;8236.50;28.90;26/01/2024
"AXWAY SOFTWARE";FR0011040500;AXW;"Euronext Paris";EUR;28.90;30.90;28.90;30.30;"26/01/2024 17:35";CET;5532;165288.00;30.30;26/01/2024
"BAINS MER MONACO";MC0000031187;BAIN;"Euronext Paris";EUR;102.50;103.00;102.50;103.00;"26/01/2024 17:35";CET;124;12749.50;103.00;26/01/2024
BALYO;FR0013258399;BALYO;"Euronext Paris";EUR;0.80;0.821;0.79;0.791;"26/01/2024 17:35";CET;13528;10899.696;0.791;26/01/2024
"BARBARA BUI";FR0000062788;BUI;"Euronext Paris";EUR;7.25;7.25;7.25;7.25;"25/01/2024 16:30";CET;10;72.50;7.25;26/01/2024
BASSAC;FR0004023208;BASS;"Euronext Paris";EUR;44.00;46.30;44.00;46.30;"26/01/2024 17:35";CET;282;12631.50;46.30;26/01/2024
"BASTIDE LE CONFORT";FR0000035370;BLC;"Euronext Paris";EUR;22.00;22.05;21.65;21.70;"26/01/2024 17:35";CET;6358;138891.85;21.70;26/01/2024
BELIEVE;FR0014003FE9;BLV;"Euronext Paris";EUR;10.70;10.76;10.50;10.56;"26/01/2024 17:35";CET;19055;202423.30;10.56;26/01/2024
BENETEAU;FR0000035164;BEN;"Euronext Paris";EUR;11.10;11.32;11.06;11.22;"26/01/2024 17:37";CET;108402;1214962.96;11.22;26/01/2024
BIC;FR0000120966;BB;"Euronext Paris";EUR;65.00;65.40;64.85;65.25;"26/01/2024 17:35";CET;17676;1151995.05;65.25;26/01/2024
"BIGBEN INTERACTIVE";FR0000074072;BIG;"Euronext Paris";EUR;3.38;3.40;3.32;3.33;"26/01/2024 17:35";CET;18850;63362.88;3.33;26/01/2024
BIOMERIEUX;FR0013280286;BIM;"Euronext Paris";EUR;104.50;106.00;104.50;104.95;"26/01/2024 17:35";CET;76772;8063855.75;104.95;26/01/2024
BIOSENIC;BE0974280126;BIOS;"Euronext Brussels, Paris";EUR;0.042;0.0434;0.0384;0.04;"26/01/2024 17:18";CET;1996472;80851.0128;0.04;26/01/2024
BLEECKER;FR0000062150;BLEE;"Euronext Paris";EUR;161.00;161.00;161.00;161.00;"26/01/2024 11:31";CET;4;644.00;161.00;26/01/2024
"BNP PARIBAS ACT.A";FR0000131104;BNP;"Euronext Paris";EUR;62.00;62.71;61.59;62.55;"26/01/2024 17:37";CET;2078747;129799946.60;62.55;26/01/2024
BOIRON;FR0000061129;BOI;"Euronext Paris";EUR;41.14;42.18;41.08;41.16;"26/01/2024 17:35";CET;8015;333075.74;41.16;26/01/2024
BOLLORE;FR0000039299;BOL;"Euronext Paris";EUR;5.925;6.02;5.92;5.97;"26/01/2024 17:35";CET;701693;4192070.325;5.97;26/01/2024
BONDUELLE;FR0000063935;BON;"Euronext Paris";EUR;10.02;10.20;9.98;10.08;"26/01/2024 17:36";CET;10303;103876.46;10.08;26/01/2024
"BOURSE DIRECT";FR0000074254;BSD;"Euronext Paris";EUR;5.04;5.14;4.98;5.14;"26/01/2024 17:35";CET;3145;15823.09;5.14;26/01/2024
BOUYGUES;FR0000120503;EN;"Euronext Paris";EUR;35.10;35.34;35.06;35.21;"26/01/2024 17:35";CET;458716;16152880.09;35.21;26/01/2024
"BOUYGUES NV24";FR001400M3D7;ENNV;"Euronext Paris";EUR;-;-;-;-;-;CET;-;-;34.12;26/01/2024
"BUREAU VERITAS";FR0006174348;BVI;"Euronext Paris";EUR;24.50;24.92;24.49;24.80;"26/01/2024 17:35";CET;652556;16169106.48;24.80;26/01/2024
BURELLE;FR0000061137;BUR;"Euronext Paris";EUR;397.00;397.00;393.00;396.00;"26/01/2024 17:06";CET;64;25288.00;396.00;26/01/2024
"CA TOULOUSE 31 CCI";FR0000045544;CAT31;"Euronext Paris";EUR;68.47;68.47;67.00;67.00;"26/01/2024 15:52";CET;165;11195.91;67.00;26/01/2024
CAFOM;FR0010151589;CAFO;"Euronext Paris";EUR;9.76;9.80;9.68;9.80;"26/01/2024 11:31";CET;295;2882.40;9.80;26/01/2024
"CAMBODGE NOM.";FR0000079659;CBDG;"Euronext Paris";EUR;6550.00;6700.00;6550.00;6700.00;"26/01/2024 16:30";CET;2;13250.00;6700.00;26/01/2024
CAPGEMINI;FR0000125338;CAP;"Euronext Paris";EUR;204.60;207.40;203.70;205.90;"26/01/2024 17:39";CET;362745;74667205.70;205.90;26/01/2024
CARMILA;FR0010828137;CARM;"Euronext Paris";EUR;16.28;16.40;16.24;16.40;"26/01/2024 17:37";CET;25591;417713.12;16.40;26/01/2024
"CARPINIENNE PART.";FR0000064156;CARP;"Euronext Paris";EUR;6.30;6.30;6.30;6.30;"21/08/2023 11:30";CET;110;693.00;6.30;26/01/2024
CARREFOUR;FR0000120172;CA;"Euronext Paris";EUR;16.055;16.35;16.055;16.15;"26/01/2024 17:38";CET;1740150;28159688.03;16.15;26/01/2024
"CASINO GUICHARD";FR0000125585;CO;"Euronext Paris";EUR;0.625;0.625;0.592;0.6015;"26/01/2024 17:35";CET;633178;382416.2105;0.6015;26/01/2024
"CATANA GROUP";FR0010193052;CATG;"Euronext Paris";EUR;5.78;5.80;5.73;5.76;"26/01/2024 17:37";CET;51860;299196.17;5.76;26/01/2024
"CATERPILLAR INC";US1491231015;CATR;"Euronext Paris";EUR;270.00;270.00;270.00;270.00;"25/01/2024 14:59";CET;5;1350.00;270.00;26/01/2024
"CBO TERRITORIA";FR0010193979;CBOT;"Euronext Paris";EUR;3.64;3.65;3.63;3.65;"26/01/2024 17:35";CET;10106;36793.55;3.65;26/01/2024
CEGEDIM;FR0000053506;CGM;"Euronext Paris";EUR;18.20;18.20;17.20;17.60;"26/01/2024 17:37";CET;28019;490237.08;17.60;26/01/2024
"CELYAD ONCOLOGY";BE0974260896;CYAD;"Euronext Brussels, Paris";EUR;0.371;0.47;0.37;0.449;"26/01/2024 17:28";CET;275453;116319.124;0.449;26/01/2024
CFI;FR0000037475;CFI;"Euronext Paris";EUR;0.60;0.60;0.60;0.60;"23/01/2024 11:30";CET;2000;1200.00;0.60;26/01/2024
CGG;FR0013181864;CGG;"Euronext Paris";EUR;0.4704;0.4708;0.4594;0.4632;"26/01/2024 17:35";CET;5921574;2754245.3708;0.4632;26/01/2024
CHARGEURS;FR0000130692;CRI;"Euronext Paris";EUR;11.84;11.90;11.84;11.88;"26/01/2024 17:35";CET;47775;567109.58;11.88;26/01/2024
CHAUSSERIA;FR0000060907;CHSR;"Euronext Paris";EUR;8.00;8.00;8.00;8.00;"08/01/2024 11:30";CET;55;440.00;8.00;26/01/2024
"CHRISTIAN DIOR";FR0000130403;CDI;"Euronext Paris";EUR;699.00;744.00;699.00;735.00;"26/01/2024 17:35";CET;17544;12683684.50;735.00;26/01/2024
CLARANOVA;FR0013426004;CLA;"Euronext Paris";EUR;2.29;2.31;2.215;2.215;"26/01/2024 17:35";CET;139173;313141.165;2.215;26/01/2024
CLARIANE;FR0010386334;CLARI;"Euronext Paris";EUR;2.294;2.386;2.212;2.368;"26/01/2024 17:35";CET;708923;1640106.77;2.368;26/01/2024
CNOVA;NL0010949392;CNV;"Euronext Paris";EUR;1.80;1.80;1.75;1.75;"26/01/2024 13:17";CET;51;89.30;1.75;26/01/2024
COFACE;FR0010667147;COFA;"Euronext Paris";EUR;12.41;12.60;12.35;12.54;"26/01/2024 17:35";CET;118080;1479067.54;12.54;26/01/2024
COHERIS;FR0004031763;COH;"Euronext Paris";EUR;5.30;5.40;5.30;5.40;"26/01/2024 17:23";CET;1314;7058.10;5.40;26/01/2024
"COMPAGNIE ODET";FR0000062234;ODET;"Euronext Paris";EUR;1476.00;1490.00;1458.00;1474.00;"26/01/2024 17:36";CET;415;613082.00;1474.00;26/01/2024
COTY;US2220702037;COTY;"Euronext Paris";EUR;11.11;11.308;11.11;11.26;"26/01/2024 17:12";CET;476;5324.30;11.26;26/01/2024
COURTOIS;FR0000065393;COUR;"Euronext Paris";EUR;130.00;130.00;130.00;130.00;"25/01/2024 16:30";CET;789;102570.00;130.00;26/01/2024
COVIVIO;FR0000064578;COV;"Euronext Paris";EUR;45.74;45.80;44.98;45.62;"26/01/2024 17:35";CET;116071;5289476.76;45.62;26/01/2024
"COVIVIO HOTELS";FR0000060303;COVH;"Euronext Paris";EUR;16.35;16.40;16.25;16.35;"26/01/2024 17:35";CET;941;15357.20;16.35;26/01/2024
"CRCAM ALP.PROV.CCI";FR0000044323;CRAP;"Euronext Paris";EUR;69.11;70.00;69.10;69.10;"26/01/2024 16:22";CET;157;10880.21;69.10;26/01/2024
"CRCAM ATL.VEND.CCI";FR0000185506;CRAV;"Euronext Paris";EUR;81.50;81.50;80.51;81.50;"26/01/2024 17:35";CET;56;4547.11;81.50;26/01/2024
"CRCAM BRIE PIC2CCI";FR0010483768;CRBP2;"Euronext Paris";EUR;17.498;17.682;17.498;17.626;"26/01/2024 17:35";CET;3807;67000.732;17.626;26/01/2024
"CRCAM ILLE-VIL.CCI";FR0000045213;CIV;"Euronext Paris";EUR;61.00;61.00;60.01;60.99;"26/01/2024 17:17";CET;160;9690.20;60.99;26/01/2024
"CRCAM LANGUED CCI";FR0010461053;CRLA;"Euronext Paris";EUR;48.005;48.025;48.00;48.00;"26/01/2024 16:48";CET;574;27563.79;48.00;26/01/2024
"CRCAM LOIRE HTE L.";FR0000045239;CRLO;"Euronext Paris";EUR;57.51;57.51;57.50;57.50;"26/01/2024 09:39";CET;43;2472.51;57.50;26/01/2024
"CRCAM MORBIHAN CCI";FR0000045551;CMO;"Euronext Paris";EUR;65.50;66.00;65.50;66.00;"26/01/2024 10:56";CET;31;2045.50;66.00;26/01/2024
"CRCAM NORD CCI";FR0000185514;CNDF;"Euronext Paris";EUR;12.40;12.40;12.208;12.256;"26/01/2024 17:35";CET;4919;60505.974;12.256;26/01/2024
"CRCAM NORM.SEINE";FR0000044364;CCN;"Euronext Paris";EUR;74.29;75.50;73.50;75.50;"26/01/2024 17:35";CET;326;24253.18;75.50;26/01/2024
"CRCAM PARIS ET IDF";FR0000045528;CAF;"Euronext Paris";EUR;66.81;66.81;65.01;65.05;"26/01/2024 17:35";CET;557;36755.20;65.05;26/01/2024
"CRCAM SUD R.A.CCI";FR0000045346;CRSU;"Euronext Paris";EUR;116.02;116.40;116.02;116.40;"26/01/2024 16:19";CET;69;8031.22;116.40;26/01/2024
"CRCAM TOURAINE CCI";FR0000045304;CRTO;"Euronext Paris";EUR;76.51;76.51;76.50;76.50;"26/01/2024 16:28";CET;184;14076.43;76.50;26/01/2024
"CREDIT AGRICOLE";FR0000045072;ACA;"Euronext Paris";EUR;13.404;13.546;13.388;13.468;"26/01/2024 17:35";CET;3893780;52451278.52;13.468;26/01/2024
CROSSWOOD;FR0000050395;CROS;"Euronext Paris";EUR;8.85;8.85;7.85;7.85;"15/01/2024 16:30";CET;23;193.55;7.85;26/01/2024
DANONE;FR0000120644;BN;"Euronext Paris";EUR;61.24;61.55;60.98;61.29;"26/01/2024 17:35";CET;1153251;70675725.61;61.29;26/01/2024
"DASSAULT AVIATION";FR0014004L86;AM;"Euronext Paris";EUR;173.30;173.90;171.90;172.50;"26/01/2024 17:35";CET;41134;7103037.10;172.50;26/01/2024
"DASSAULT SYSTEMES";FR0014003TT8;DSY;"Euronext Paris";EUR;47.405;48.11;47.08;47.805;"26/01/2024 17:35";CET;979776;46837915.695;47.805;26/01/2024
"DBV TECHNOLOGIES";FR0010417345;DBV;"Euronext Paris";EUR;1.78;1.831;1.75;1.814;"26/01/2024 17:35";CET;174635;314316.478;1.814;26/01/2024
DEEZER;FR001400AYG6;DEEZR;"Euronext Paris";EUR;2.145;2.145;2.145;2.145;"26/01/2024 12:18";CET;54;115.83;2.145;26/01/2024
"DEEZER WARRANTS";FR0014004JF6;DEEZW;"Euronext Paris";EUR;0.0005;0.0005;0.0005;0.0005;"12/12/2023 10:23";CET;50001;25.00;0.0005;26/01/2024
DEKUPLE;FR0000062978;DKUPL;"Euronext Paris";EUR;29.50;29.80;29.50;29.50;"26/01/2024 17:28";CET;389;11522.10;29.50;26/01/2024
DERICHEBOURG;FR0000053381;DBG;"Euronext Paris";EUR;4.88;4.90;4.822;4.882;"26/01/2024 17:35";CET;151645;738082.966;4.882;26/01/2024
"DOCK.PETR.AMBES AM";FR0000065260;DPAM;"Euronext Paris";EUR;486.00;486.00;478.00;478.00;"26/01/2024 16:30";CET;34;16516.00;478.00;26/01/2024
EDENRED;FR0010908533;EDEN;"Euronext Paris";EUR;56.76;57.02;56.48;56.48;"26/01/2024 17:35";CET;380108;21502240.72;56.48;26/01/2024
EIFFAGE;FR0000130452;FGR;"Euronext Paris";EUR;98.86;99.04;97.96;98.36;"26/01/2024 17:35";CET;299800;29491643.84;98.36;26/01/2024
EKINOPS;FR0011466069;EKI;"Euronext Paris";EUR;4.69;4.845;4.68;4.845;"26/01/2024 17:35";CET;10595;50521.62;4.845;26/01/2024
ELEC.STRASBOURG;FR0000031023;ELEC;"Euronext Paris";EUR;99.60;101.50;99.40;101.50;"26/01/2024 16:43";CET;165;16464.30;101.50;26/01/2024
"ELECT. MADAGASCAR";FR0000035719;EEM;"Euronext Paris";EUR;3.30;3.30;3.30;3.30;"26/01/2024 11:30";CET;350;1155.00;3.30;26/01/2024
"ELIOR GROUP";FR0011950732;ELIOR;"Euronext Paris";EUR;2.748;2.782;2.716;2.77;"26/01/2024 17:35";CET;525420;1449611.228;2.77;26/01/2024
ELIS;FR0012435121;ELIS;"Euronext Paris";EUR;20.12;20.46;20.02;20.38;"26/01/2024 17:35";CET;336599;6845801.72;20.38;26/01/2024
ENGIE;FR0010208488;ENGI;"Euronext Paris, Brussels";EUR;15.228;15.294;14.526;14.658;"26/01/2024 17:37";CET;14336358;211299196.586;14.658;26/01/2024
EQUASENS;FR0012882389;EQS;"Euronext Paris";EUR;54.40;54.70;52.80;53.00;"26/01/2024 17:36";CET;20838;1106713.60;53.00;26/01/2024
ERAMET;FR0000131757;ERA;"Euronext Paris";EUR;64.95;65.60;64.35;64.85;"26/01/2024 17:35";CET;23269;1512144.75;64.85;26/01/2024
ESSILORLUXOTTICA;FR0000121667;EL;"Euronext Paris";EUR;179.42;180.26;178.44;179.84;"26/01/2024 17:35";CET;383270;68885732.62;179.84;26/01/2024
ESSO;FR0000120669;ES;"Euronext Paris";EUR;51.95;52.30;51.00;52.10;"26/01/2024 17:37";CET;5870;303875.85;52.10;26/01/2024
"EURASIA FONC INV";FR0000061475;EFI;"Euronext Paris";EUR;0.26;0.26;0.26;0.26;"11/01/2024 16:30";CET;186;48.36;0.26;26/01/2024
EURAZEO;FR0000121121;RF;"Euronext Paris";EUR;76.65;77.80;75.90;77.40;"26/01/2024 17:35";CET;102838;7939398.90;77.40;26/01/2024
"EURO RESSOURCES";FR0000054678;EUR;"Euronext Paris";EUR;3.50;3.50;3.50;3.50;"26/01/2024 17:35";CET;54721;191523.50;3.50;26/01/2024
EUROAPI;FR0014008VX5;EAPI;"Euronext Paris";EUR;6.26;6.516;6.26;6.516;"26/01/2024 17:37";CET;418202;2690204.166;6.516;26/01/2024
"EUROFINS SCIE.NV24";FR001400M7C0;ERFNV;"Euronext Paris";EUR;-;-;-;-;-;CET;-;-;58.98;26/01/2024
"EUROFINS SCIENT.";FR0014000MR3;ERF;"Euronext Paris";EUR;56.82;57.54;56.62;57.06;"26/01/2024 17:35";CET;342154;19523745.78;57.06;26/01/2024
EURONEXT;NL0006294274;ENX;"Euronext Paris, Amsterdam, Brussels";EUR;81.50;82.00;80.80;81.50;"26/01/2024 17:35";CET;113743;9272726.35;81.50;26/01/2024
"EUTELSAT COMMUNIC.";FR0010221234;ETL;"Euronext Paris";EUR;4.048;4.136;4.046;4.106;"26/01/2024 17:35";CET;286630;1172722.51;4.106;26/01/2024
EVERGREEN;FR0000035784;EGR;"Euronext Paris";EUR;2.43;2.43;2.40;2.40;"26/01/2024 17:10";CET;1736;4186.48;2.40;26/01/2024
"EXAIL TECHNOLOGIES";FR0000062671;EXA;"Euronext Paris";EUR;21.60;21.95;21.50;21.55;"26/01/2024 17:35";CET;10572;229973.55;21.55;26/01/2024
"EXCLUSIVE NETWORKS";FR0014005DA7;EXN;"Euronext Paris";EUR;19.10;19.16;19.00;19.10;"26/01/2024 17:35";CET;16131;307937.00;19.10;26/01/2024
"EXEL INDUSTRIES";FR0004527638;EXE;"Euronext Paris";EUR;57.00;60.00;56.80;59.40;"26/01/2024 17:35";CET;2148;125324.40;59.40;26/01/2024
"EXPLOSIFS PROD.CHI";FR0014003AQ4;EXPL;"Euronext Paris";EUR;107.00;109.00;106.00;109.00;"26/01/2024 15:20";CET;99;10580.00;109.00;26/01/2024
FAYENC.SARREGUEMI.;FR0000031973;FAYE;"Euronext Paris";EUR;14.00;14.00;14.00;14.00;"17/01/2024 16:35";CET;239;3346.00;14.00;26/01/2024
FDJ;FR0013451333;FDJ;"Euronext Paris";EUR;37.40;37.56;36.68;37.36;"26/01/2024 17:35";CET;191839;7159419.08;37.36;26/01/2024
FERM.CAS.MUN.CANNE;FR0000062101;FCMC;"Euronext Paris";EUR;1700.00;1700.00;1700.00;1700.00;"18/01/2024 11:30";CET;2;3400.00;1700.00;26/01/2024
FERMENTALG;FR0011271600;FALG;"Euronext Paris";EUR;0.43;0.444;0.3855;0.4005;"26/01/2024 17:35";CET;1755132;727975.2355;0.4005;26/01/2024
"FIDUCIAL OFF.SOL.";FR0000061418;SACI;"Euronext Paris";EUR;28.00;28.00;28.00;28.00;"26/01/2024 11:30";CET;1;28.00;28.00;26/01/2024
"FIDUCIAL REAL EST.";FR0000060535;ORIA;"Euronext Paris";EUR;181.00;181.00;181.00;181.00;"26/01/2024 11:30";CET;1;181.00;181.00;26/01/2024
"FIGEAC AERO";FR0011665280;FGA;"Euronext Paris";EUR;5.52;5.64;5.50;5.64;"26/01/2024 17:35";CET;4533;25327.62;5.64;26/01/2024
"FIN.ETANG BERRE";FR0000062341;BERR;"Euronext Paris";EUR;11.20;11.20;11.20;11.20;"18/09/2023 16:30";CET;10;112.00;10.10;26/01/2024
"FIN.OUEST AFRICAIN";SN0000033192;FOAF;"Euronext Paris";EUR;58.00;58.00;58.00;58.00;"08/03/2023 11:49";CET;129;7482.00;58.00;26/01/2024
"FINANCIERE MARJOS";FR0000060824;FINM;"Euronext Paris";EUR;0.109;0.109;0.109;0.109;"29/11/2023 13:51";CET;2000;218.00;0.109;26/01/2024
FINATIS;FR0000035123;FNTS;"Euronext Paris";EUR;2.92;2.92;2.92;2.92;"01/08/2023 13:59";CET;502;1465.84;2.92;26/01/2024
FIPP;FR0000038184;FIPP;"Euronext Paris";EUR;0.111;0.111;0.111;0.111;"25/01/2024 10:14";CET;3;0.33;0.111;26/01/2024
"FNAC DARTY";FR0011476928;FNAC;"Euronext Paris";EUR;25.84;26.10;25.28;25.36;"26/01/2024 17:35";CET;38505;982039.44;25.36;26/01/2024
"FONCIERE 7 INVEST";FR0000065930;LEBL;"Euronext Paris";EUR;0.615;0.615;0.615;0.615;"17/10/2023 11:30";CET;65;39.98;0.615;26/01/2024
"FONCIERE EURIS";FR0000038499;EURS;"Euronext Paris";EUR;0.11;0.11;0.11;0.11;"26/01/2024 16:30";CET;135;14.85;0.11;26/01/2024
"FONCIERE INEA";FR0010341032;INEA;"Euronext Paris";EUR;37.50;37.50;37.20;37.50;"26/01/2024 17:35";CET;347;12925.10;37.50;26/01/2024
"FONCIERE LYONNAISE";FR0000033409;FLY;"Euronext Paris";EUR;68.60;69.80;68.00;69.00;"26/01/2024 17:29";CET;234;15964.40;69.00;26/01/2024
"FONCIERE VOLTA";FR0000053944;SPEL;"Euronext Paris";EUR;7.50;7.50;7.50;7.50;"26/01/2024 16:30";CET;18499;138742.50;7.50;26/01/2024
"FORESTIERE EQUAT.";CI0000053161;FORE;"Euronext Paris";EUR;685.00;685.00;685.00;685.00;"25/01/2024 11:30";CET;10;6850.00;685.00;26/01/2024
"FORSEE POWER";FR0014005SB3;FORSE;"Euronext Paris";EUR;2.58;2.58;2.52;2.58;"26/01/2024 17:16";CET;23530;60214.14;2.58;26/01/2024
FORVIA;FR0000121147;FRVIA;"Euronext Paris";EUR;15.635;15.98;15.26;15.845;"26/01/2024 17:35";CET;1359473;21391542.805;15.845;26/01/2024
"FRANCAISE ENERGIE";FR0013030152;FDE;"Euronext Paris";EUR;44.35;44.90;43.50;43.90;"26/01/2024 17:35";CET;19120;842442.35;43.90;26/01/2024
FREY;FR0010588079;FREY;"Euronext Paris";EUR;27.00;27.00;27.00;27.00;"26/01/2024 16:49";CET;221;5967.00;27.00;26/01/2024
GALIMMO;FR0000030611;GALIM;"Euronext Paris";EUR;15.10;15.10;15.10;15.10;"26/01/2024 11:30";CET;1;15.10;15.10;26/01/2024
GAUMONT;FR0000034894;GAM;"Euronext Paris";EUR;97.50;97.50;94.50;97.00;"26/01/2024 16:50";CET;68;6497.50;97.00;26/01/2024
"GEA GRENOBL.ELECT.";FR0000053035;GEA;"Euronext Paris";EUR;96.00;96.00;94.00;94.00;"26/01/2024 09:01";CET;111;10510.00;94.00;26/01/2024
GECINA;FR0010040865;GFC;"Euronext Paris";EUR;104.40;104.80;103.00;104.40;"26/01/2024 17:36";CET;101061;10542423.10;104.40;26/01/2024
"GENERAL ELECTRIC";US3696043013;GNE;"Euronext Paris";EUR;121.00;121.50;118.50;119.50;"26/01/2024 15:31";CET;134;16042.00;119.50;26/01/2024
GENEURO;CH0308403085;GNRO;"Euronext Paris";EUR;1.235;1.26;1.235;1.26;"26/01/2024 16:34";CET;5566;6907.935;1.26;26/01/2024
GENFIT;FR0004163111;GNFT;"Euronext Paris";EUR;3.72;3.72;3.565;3.615;"26/01/2024 17:35";CET;234335;849168.225;3.615;26/01/2024
"GENOMIC VISION";FR0011799907;GV;"Euronext Paris";EUR;0.0018;0.002;0.0015;0.0018;"03/11/2023 17:35";CET;38489238;67816.42;0.0018;26/01/2024
"GENSIGHT BIOLOGICS";FR0013183985;SIGHT;"Euronext Paris";EUR;0.41;0.421;0.407;0.4075;"26/01/2024 17:35";CET;116476;47833.8085;0.4075;26/01/2024
"GETLINK SE";FR0010533075;GET;"Euronext Paris";EUR;16.22;16.365;16.22;16.295;"26/01/2024 17:35";CET;559752;9117784.275;16.295;26/01/2024
"GL EVENTS";FR0000066672;GLO;"Euronext Paris";EUR;19.80;20.15;19.80;20.15;"26/01/2024 17:35";CET;10260;205310.73;20.15;26/01/2024
"GPE GROUP PIZZORNO";FR0010214064;GPE;"Euronext Paris";EUR;62.00;62.40;60.40;60.40;"26/01/2024 17:28";CET;202;12333.80;60.40;26/01/2024
"GRAINES VOLTZ";FR0000065971;GRVO;"Euronext Paris";EUR;29.80;30.00;29.15;29.20;"26/01/2024 17:17";CET;3887;115280.95;29.20;26/01/2024
"GROUPE CRIT";FR0000036675;CEN;"Euronext Paris";EUR;72.80;74.20;72.00;74.20;"26/01/2024 17:35";CET;1224;89172.20;74.20;26/01/2024
"GROUPE JAJ";FR0004010338;GJAJ;"Euronext Paris";EUR;1.44;1.44;1.44;1.44;"28/12/2023 11:30";CET;100;144.00;1.44;26/01/2024
"GROUPE PARTOUCHE";FR0012612646;PARP;"Euronext Paris";EUR;23.20;24.00;23.00;24.00;"26/01/2024 17:27";CET;3990;93852.40;24.00;26/01/2024
"GROUPE SFPI";FR0004155000;SFPI;"Euronext Paris";EUR;1.898;1.898;1.89;1.898;"26/01/2024 17:24";CET;6398;12107.072;1.898;26/01/2024
"GT BIOPHARMA INC";US36254L2097;GTBP;"Euronext Paris";EUR;9.35;9.35;9.35;9.35;"24/12/2020 11:30";CET;12;116.05;9.35;26/01/2024
GTT;FR0011726835;GTT;"Euronext Paris";EUR;129.20;129.30;126.20;127.10;"26/01/2024 17:35";CET;78493;9996064.50;127.10;26/01/2024
GUERBET;FR0000032526;GBT;"Euronext Paris";EUR;18.82;19.46;18.82;19.42;"26/01/2024 17:35";CET;13996;266792.18;19.42;26/01/2024
GUILLEMOT;FR0000066722;GUI;"Euronext Paris";EUR;5.78;6.00;5.75;5.79;"26/01/2024 17:35";CET;11707;68210.85;5.79;26/01/2024
"HAULOTTE GROUP";FR0000066755;PIG;"Euronext Paris";EUR;2.40;2.48;2.40;2.44;"26/01/2024 17:35";CET;3447;8442.15;2.44;26/01/2024
HDF;FR0014003VY4;HDF;"Euronext Paris";EUR;11.50;11.60;11.50;11.60;"26/01/2024 17:35";CET;943;10851.46;11.60;26/01/2024
"HERMES INTL";FR0000052292;RMS;"Euronext Paris";EUR;1898.00;1966.20;1887.60;1966.20;"26/01/2024 17:35";CET;96880;188075992.00;1966.20;26/01/2024
"HIGH CO";FR0000054231;HCO;"Euronext Paris";EUR;3.30;3.39;3.16;3.16;"26/01/2024 17:35";CET;172517;561644.47;3.16;26/01/2024
"HOTELS DE PARIS";FR0004165801;HDP;"Euronext Paris";EUR;3.18;3.18;3.18;3.18;"26/01/2024 11:30";CET;1;3.18;3.18;26/01/2024
ICADE;FR0000035081;ICAD;"Euronext Paris";EUR;33.10;33.24;32.60;33.04;"26/01/2024 17:36";CET;61143;2017641.62;33.04;26/01/2024
"ID LOGISTICS GROUP";FR0010929125;IDL;"Euronext Paris";EUR;324.50;330.50;322.00;325.50;"26/01/2024 17:35";CET;4697;1533068.50;325.50;26/01/2024
IDI;FR0000051393;IDIP;"Euronext Paris";EUR;66.60;66.80;66.40;66.80;"26/01/2024 17:35";CET;138;9190.00;66.80;26/01/2024
IMERYS;FR0000120859;NK;"Euronext Paris";EUR;30.70;31.28;30.16;31.16;"26/01/2024 17:35";CET;91148;2815413.32;31.16;26/01/2024
IMMOB.DASSAULT;FR0000033243;IMDA;"Euronext Paris";EUR;48.80;48.80;46.20;47.10;"26/01/2024 17:35";CET;4436;211223.90;47.10;26/01/2024
"INDLE FIN.ENTREPR.";FR0000066219;INFE;"Euronext Paris";EUR;60.00;60.00;60.00;60.00;"26/01/2024 16:30";CET;15;900.00;60.00;26/01/2024
INFOTEL;FR0000071797;INF;"Euronext Paris";EUR;52.60;53.00;52.40;52.60;"26/01/2024 17:35";CET;176;9257.60;52.60;26/01/2024
"INNATE PHARMA";FR0010331421;IPH;"Euronext Paris";EUR;2.58;2.625;2.51;2.515;"26/01/2024 17:35";CET;146062;376368.745;2.515;26/01/2024
INTERPARFUMS;FR0004024222;ITP;"Euronext Paris";EUR;46.35;48.30;46.35;48.10;"26/01/2024 17:35";CET;74441;3543399.10;48.10;26/01/2024
INTEXA;FR0000064958;ITXT;"Euronext Paris";EUR;2.90;2.90;2.90;2.90;"22/01/2024 11:30";CET;2;5.80;2.90;26/01/2024
INVENTIVA;FR0013233012;IVA;"Euronext Paris";EUR;3.50;3.60;3.485;3.50;"26/01/2024 17:35";CET;29054;102960.175;3.50;26/01/2024
IPSEN;FR0010259150;IPN;"Euronext Paris";EUR;107.30;108.50;107.30;107.70;"26/01/2024 17:36";CET;44442;4789619.10;107.70;26/01/2024
IPSOS;FR0000073298;IPS;"Euronext Paris";EUR;61.55;61.55;60.70;61.05;"26/01/2024 17:35";CET;37955;2315939.10;61.05;26/01/2024
ITESOFT;FR0004026151;ITE;"Euronext Paris";EUR;3.92;3.92;3.92;3.92;"26/01/2024 13:07";CET;2;7.84;3.92;26/01/2024
"JACQUES BOGART";FR0012872141;JBOG;"Euronext Paris";EUR;5.86;5.86;5.52;5.86;"26/01/2024 16:59";CET;2546;14337.64;5.86;26/01/2024
"JACQUET METALS";FR0000033904;JCQ;"Euronext Paris";EUR;17.96;18.06;17.88;17.96;"26/01/2024 17:35";CET;4496;80833.06;17.96;26/01/2024
JCDECAUX;FR0000077919;DEC;"Euronext Paris";EUR;19.47;19.60;18.74;18.87;"26/01/2024 17:35";CET;208331;3967160.43;18.87;26/01/2024
"KAUFMAN ET BROAD";FR0004007813;KOF;"Euronext Paris";EUR;29.45;29.90;29.20;29.65;"26/01/2024 17:35";CET;9438;280005.55;29.65;26/01/2024
KERING;FR0000121485;KER;"Euronext Paris";EUR;371.55;389.80;371.30;384.80;"26/01/2024 17:36";CET;551777;210987378.90;384.80;26/01/2024
KLEPIERRE;FR0000121964;LI;"Euronext Paris";EUR;23.70;23.94;23.49;23.82;"26/01/2024 17:38";CET;683717;16282905.11;23.82;26/01/2024
L'OREAL;FR0000120321;OR;"Euronext Paris";EUR;436.00;446.50;436.00;445.10;"26/01/2024 17:36";CET;338010;149942262.05;445.10;26/01/2024
"LACROIX GROUP";FR0000066607;LACR;"Euronext Paris";EUR;30.60;30.70;29.90;30.20;"26/01/2024 17:35";CET;898;27227.70;30.20;26/01/2024
"LAGARDERE SA";FR0000130213;MMB;"Euronext Paris";EUR;18.00;18.20;17.96;17.96;"26/01/2024 17:35";CET;10418;187811.48;17.96;26/01/2024
LATECOERE;FR001400JY13;LAT;"Euronext Paris";EUR;0.0173;0.0178;0.0173;0.0174;"26/01/2024 17:35";CET;1612717;28285.1425;0.0174;26/01/2024
LAURENT-PERRIER;FR0006864484;LPE;"Euronext Paris";EUR;125.50;128.50;125.00;125.00;"26/01/2024 17:35";CET;103;13126.00;125.00;26/01/2024
LDC;FR0013204336;LOUP;"Euronext Paris";EUR;132.50;136.00;130.50;135.50;"26/01/2024 17:35";CET;1472;196523.00;135.50;26/01/2024
LECTRA;FR0000065484;LSS;"Euronext Paris";EUR;31.65;32.95;31.55;32.90;"26/01/2024 17:35";CET;27885;898881.05;32.90;26/01/2024
"LECTRA NV24";FR001400MMI2;LSSNV;"Euronext Paris";EUR;-;-;-;-;-;CET;-;-;31.25;26/01/2024
LEGRAND;FR0010307819;LR;"Euronext Paris";EUR;90.32;91.04;89.52;90.34;"26/01/2024 17:35";CET;553550;50021142.50;90.34;26/01/2024
LHYFE;FR0014009YQ1;LHYFE;"Euronext Paris";EUR;4.81;4.81;4.62;4.65;"26/01/2024 17:35";CET;10560;50013.225;4.65;26/01/2024
"LINEDATA SERVICES";FR0004156297;LIN;"Euronext Paris";EUR;58.60;58.80;58.60;58.80;"26/01/2024 15:55";CET;57;3349.40;58.80;26/01/2024
LISI;FR0000050353;FII;"Euronext Paris";EUR;21.85;22.00;21.65;21.85;"26/01/2024 17:35";CET;14652;319626.80;21.85;26/01/2024
"LNA SANTE";FR0004170017;LNA;"Euronext Paris";EUR;19.60;19.78;19.42;19.54;"26/01/2024 17:35";CET;1635;31936.30;19.54;26/01/2024
LUMIBIRD;FR0000038242;LBIRD;"Euronext Paris";EUR;10.94;10.94;10.40;10.48;"26/01/2024 17:35";CET;17897;189868.24;10.48;26/01/2024
LVMH;FR0000121014;MC;"Euronext Paris";EUR;732.00;779.90;728.80;773.10;"26/01/2024 17:38";CET;1519188;1154777141.40;773.10;26/01/2024
M.R.M;FR00140085W6;MRM;"Euronext Paris";EUR;19.00;19.20;19.00;19.20;"26/01/2024 16:30";CET;101;1939.00;19.20;26/01/2024
"MAAT PHARMA";FR0012634822;MAAT;"Euronext Paris";EUR;7.08;7.24;7.08;7.16;"26/01/2024 17:35";CET;160;1150.48;7.16;26/01/2024
"MAISONS DU MONDE";FR0013153541;MDM;"Euronext Paris";EUR;4.54;4.64;4.49;4.64;"26/01/2024 17:35";CET;32764;149493.726;4.64;26/01/2024
"MALTERIES FCO-BEL.";FR0000030074;MALT;"Euronext Paris";EUR;590.00;600.00;590.00;600.00;"26/01/2024 16:30";CET;30;17840.00;600.00;26/01/2024
"MANITOU BF";FR0000038606;MTU;"Euronext Paris";EUR;20.30;21.20;20.30;20.60;"26/01/2024 17:35";CET;44723;923190.05;20.60;26/01/2024
"MAROC TELECOM";MA0000011488;IAM;"Euronext Paris";EUR;9.65;9.65;9.30;9.45;"26/01/2024 17:23";CET;3038;28787.85;9.45;26/01/2024
"MAUREL ET PROM";FR0000051070;MAU;"Euronext Paris";EUR;5.54;5.545;5.435;5.52;"26/01/2024 17:36";CET;189846;1043508.165;5.52;26/01/2024
MBWS;FR0000060873;MBWS;"Euronext Paris";EUR;2.75;2.80;2.73;2.80;"26/01/2024 17:35";CET;13549;37646.23;2.80;26/01/2024
"MCPHY ENERGY";FR0011742329;MCPHY;"Euronext Paris";EUR;2.762;2.84;2.762;2.802;"26/01/2024 17:35";CET;41676;116832.072;2.802;26/01/2024
"MEDIA 6";FR0000064404;EDI;"Euronext Paris";EUR;8.50;8.50;8.30;8.30;"09/01/2024 16:44";CET;25;207.70;8.30;26/01/2024
MEDINCELL;FR0004065605;MEDCL;"Euronext Paris";EUR;8.24;8.34;8.08;8.24;"26/01/2024 17:35";CET;35836;294252.53;8.24;26/01/2024
"MEMSCAP REGPT";FR0010298620;MEMS;"Euronext Paris";EUR;6.70;6.84;6.58;6.82;"26/01/2024 17:35";CET;30609;205644.94;6.82;26/01/2024
MERCIALYS;FR0010241638;MERY;"Euronext Paris";EUR;10.98;11.04;10.91;10.97;"26/01/2024 17:36";CET;221095;2429699.58;10.97;26/01/2024
MERSEN;FR0000039620;MRN;"Euronext Paris";EUR;32.35;34.20;32.20;33.80;"26/01/2024 17:35";CET;114942;3838553.25;33.80;26/01/2024
"METABOLIC EXPLORER";FR0004177046;METEX;"Euronext Paris";EUR;0.3795;0.3795;0.37;0.3715;"26/01/2024 16:53";CET;11287;4220.9165;0.3715;26/01/2024
"METROPOLE TV";FR0000053225;MMT;"Euronext Paris";EUR;13.05;13.15;12.97;12.99;"26/01/2024 17:35";CET;58091;757631.96;12.99;26/01/2024
MICHELIN;FR001400AJ45;ML;"Euronext Paris";EUR;31.05;31.50;31.01;31.25;"26/01/2024 17:38";CET;1372844;42944129.49;31.25;26/01/2024
"MONCEY (FIN.) NOM.";FR0000076986;FMONC;"Euronext Paris";EUR;7650.00;7700.00;7550.00;7650.00;"26/01/2024 17:35";CET;37;282850.00;7650.00;26/01/2024
MONTEA;BE0003853703;MONT;"Euronext Brussels, Paris";EUR;80.90;80.90;79.50;79.90;"26/01/2024 17:35";CET;13342;1066537.80;79.90;26/01/2024
MYHOTELMATCH;FR001400IE67;MHM;"Euronext Paris";EUR;0.86;0.88;0.86;0.879;"26/01/2024 17:35";CET;10846;9442.9447;0.879;26/01/2024
NACON;FR0013482791;NACON;"Euronext Paris";EUR;1.77;1.78;1.702;1.742;"26/01/2024 17:35";CET;54368;94155.142;1.742;26/01/2024
NANOBIOTIX;FR0011341205;NANO;"Euronext Paris";EUR;6.92;7.20;6.91;7.17;"26/01/2024 17:35";CET;78614;555244.80;7.17;26/01/2024
NEOEN;FR0011675362;NEOEN;"Euronext Paris";EUR;26.40;26.68;26.22;26.36;"26/01/2024 17:35";CET;78372;2068938.42;26.36;26/01/2024
NEURONES;FR0004050250;NRO;"Euronext Paris";EUR;45.00;45.00;44.75;44.95;"26/01/2024 17:35";CET;1570;70480.20;44.95;26/01/2024
NEXANS;FR0000044448;NEX;"Euronext Paris";EUR;86.25;86.60;85.20;85.75;"26/01/2024 17:36";CET;79559;6828048.50;85.75;26/01/2024
NEXITY;FR0010112524;NXI;"Euronext Paris";EUR;15.19;15.31;15.00;15.26;"26/01/2024 17:35";CET;94972;1443787.92;15.26;26/01/2024
NHOA;FR0012650166;NHOA;"Euronext Paris";EUR;0.73;0.73;0.704;0.73;"26/01/2024 17:35";CET;23423;16890.968;0.73;26/01/2024
NOKIA;FI0009000681;NOKIA;"Euronext Paris";EUR;3.50;3.53;3.401;3.527;"26/01/2024 17:35";CET;424214;1476022.0955;3.527;26/01/2024
NR21;FR0014001PV6;NR21;"Euronext Paris";EUR;57.00;57.00;57.00;57.00;"26/01/2024 17:35";CET;9;513.00;57.00;26/01/2024
"NRJ GROUP";FR0000121691;NRG;"Euronext Paris";EUR;7.48;7.48;7.42;7.48;"26/01/2024 17:35";CET;7479;55670.70;7.48;26/01/2024
OENEO;FR0000052680;SBT;"Euronext Paris";EUR;12.00;12.05;11.90;12.00;"26/01/2024 17:35";CET;2284;27409.95;12.00;26/01/2024
"OL GROUPE";FR0010428771;OLG;"Euronext Paris";EUR;1.99;2.02;1.96;2.02;"26/01/2024 17:35";CET;3201;6340.825;2.02;26/01/2024
ORANGE;FR0000133308;ORA;"Euronext Paris";EUR;11.196;11.228;11.12;11.172;"26/01/2024 17:35";CET;3834054;42849557.756;11.172;26/01/2024
ORAPI;FR0000075392;ORAP;"Euronext Paris";EUR;6.48;6.50;6.46;6.48;"26/01/2024 16:59";CET;12474;80791.62;6.48;26/01/2024
OREGE;FR0010609206;OREGE;"Euronext Paris";EUR;0.413;0.451;0.404;0.45;"26/01/2024 17:26";CET;95206;41500.217;0.45;26/01/2024
ORPEA;FR0000184798;ORP;"Euronext Paris";EUR;0.014;0.0142;0.0139;0.014;"26/01/2024 17:36";CET;79452807;1113954.2496;0.014;26/01/2024
"ORPEA DS";FR001400MXO7;ORPDS;"Euronext Paris";EUR;0.0001;0.0001;0.0001;0.0001;"26/01/2024 17:35";CET;2147483647;339600.1075;0.0001;26/01/2024
"OSE IMMUNO";FR0012127173;OSE;"Euronext Paris";EUR;3.85;3.975;3.85;3.935;"26/01/2024 17:35";CET;32700;128041.205;3.935;26/01/2024
OVH;FR0014005HJ9;OVH;"Euronext Paris";EUR;9.70;10.09;9.70;10.09;"26/01/2024 17:35";CET;96781;966128.715;10.09;26/01/2024
PAREF;FR0010263202;PAR;"Euronext Paris";EUR;44.20;44.60;44.20;44.40;"26/01/2024 17:17";CET;28;1248.00;44.40;26/01/2024
PARROT;FR0004038263;PARRO;"Euronext Paris";EUR;2.81;2.92;2.80;2.89;"26/01/2024 17:35";CET;6629;18942.00;2.89;26/01/2024
PASSAT;FR0000038465;PSAT;"Euronext Paris";EUR;4.66;4.66;4.66;4.66;"26/01/2024 13:38";CET;85;396.10;4.66;26/01/2024
"PATRIMOINE ET COMM";FR0011027135;PAT;"Euronext Paris";EUR;17.95;18.10;17.90;18.10;"26/01/2024 16:51";CET;798;14359.55;18.10;26/01/2024
"PERNOD RICARD";FR0000120693;RI;"Euronext Paris";EUR;153.65;157.30;153.00;156.55;"26/01/2024 17:39";CET;955739;148975018.20;156.55;26/01/2024
"PERRIER (GERARD)";FR0000061459;PERR;"Euronext Paris";EUR;100.00;101.00;100.00;100.00;"26/01/2024 17:35";CET;128;12861.00;100.00;26/01/2024
"PEUGEOT INVEST";FR0000064784;PEUG;"Euronext Paris";EUR;98.70;99.10;98.10;98.70;"26/01/2024 17:35";CET;3800;375097.30;98.70;26/01/2024
"PHAXIAM Tx";FR001400K4B1;PHXM;"Euronext Paris";EUR;4.11;4.135;4.01;4.10;"26/01/2024 17:35";CET;2452;9944.67;4.10;26/01/2024
"PIERRE VAC BSA ACT";FR001400B4H9;VACBS;"Euronext Paris";EUR;0.132;0.142;0.1305;0.1305;"26/01/2024 16:01";CET;17041;2370.8035;0.1305;26/01/2024
"PIERRE VAC BSA CRE";FR001400B4G1;VACBT;"Euronext Paris";EUR;0.36;0.36;0.36;0.36;"20/12/2023 13:18";CET;1898;683.28;0.36;26/01/2024
"PIERRE VACANCES";FR0000073041;VAC;"Euronext Paris";EUR;1.438;1.438;1.418;1.42;"26/01/2024 17:35";CET;196791;280058.208;1.42;26/01/2024
"PLAST.VAL LOIRE";FR0013252186;PVL;"Euronext Paris";EUR;3.32;3.37;3.30;3.37;"26/01/2024 17:35";CET;2516;8406.06;3.37;26/01/2024
"PLASTIC OMNIUM";FR0000124570;POM;"Euronext Paris";EUR;10.53;10.78;10.47;10.75;"26/01/2024 17:35";CET;226661;2418088.05;10.75;26/01/2024
POXEL;FR0012432516;POXEL;"Euronext Paris";EUR;0.451;0.4795;0.451;0.4765;"26/01/2024 17:35";CET;96907;45590.473;0.4765;26/01/2024
"PROACTIS SA";FR0004052561;PROAC;"Euronext Paris";EUR;0.08;0.08;0.08;0.08;"26/01/2024 11:43";CET;20;1.60;0.08;26/01/2024
PRODWAYS;FR0012613610;PWG;"Euronext Paris";EUR;0.91;0.91;0.901;0.902;"26/01/2024 17:35";CET;4011;3615.993;0.902;26/01/2024
"PUBLICIS GROUPE SA";FR0000130577;PUB;"Euronext Paris";EUR;91.82;93.20;91.50;92.38;"26/01/2024 17:35";CET;520859;48135809.76;92.38;26/01/2024
QUADIENT;FR0000120560;QDT;"Euronext Paris";EUR;19.64;19.66;19.50;19.58;"26/01/2024 17:35";CET;16039;314064.16;19.58;26/01/2024
RALLYE;FR0000060618;RAL;"Euronext Paris";EUR;0.124;0.126;0.121;0.121;"26/01/2024 17:35";CET;382298;47037.2382;0.121;26/01/2024
"RAMSAY GEN SANTE";FR0000044471;GDS;"Euronext Paris";EUR;18.65;18.70;18.50;18.70;"26/01/2024 17:35";CET;190;3544.85;18.70;26/01/2024
"REMY COINTREAU";FR0000130395;RCO;"Euronext Paris";EUR;96.24;103.65;96.24;101.25;"26/01/2024 17:37";CET;553969;55624552.63;101.25;26/01/2024
RENAULT;FR0000131906;RNO;"Euronext Paris";EUR;34.255;34.525;34.015;34.355;"26/01/2024 17:35";CET;840068;28850572.695;34.355;26/01/2024
REXEL;FR0010451203;RXL;"Euronext Paris";EUR;24.90;25.10;24.60;24.91;"26/01/2024 17:35";CET;452028;11257540.16;24.91;26/01/2024
ROBERTET;FR0000039091;RBT;"Euronext Paris";EUR;791.00;808.00;791.00;807.00;"26/01/2024 17:37";CET;444;355359.00;807.00;26/01/2024
"ROBERTET CDV 87";FR0000045619;CBR;"Euronext Paris";EUR;188.00;188.00;188.00;188.00;"02/11/2022 11:30";CET;4;752.00;188.00;26/01/2024
"ROBERTET CI";FR0000045601;CBE;"Euronext Paris";EUR;761.00;761.50;761.00;761.50;"26/01/2024 16:34";CET;13;9894.50;761.50;26/01/2024
"ROCHE BOBOIS";FR0013344173;RBO;"Euronext Paris";EUR;48.00;48.50;48.00;48.10;"26/01/2024 17:35";CET;760;36567.10;48.10;26/01/2024
RUBIS;FR0013269123;RUI;"Euronext Paris";EUR;23.54;23.76;23.48;23.68;"26/01/2024 17:35";CET;104789;2480745.38;23.68;26/01/2024
S.E.B.;FR0000121709;SK;"Euronext Paris";EUR;108.20;109.30;107.30;107.80;"26/01/2024 17:39";CET;50083;5402217.90;107.80;26/01/2024
"S.T.DUPONT DS";FR001400N0G5;DPTDS;"Euronext Paris";EUR;0.0003;0.0004;0.0002;0.0003;"26/01/2024 17:35";CET;609376;146.8414;0.0003;26/01/2024
SAFRAN;FR0000073272;SAF;"Euronext Paris";EUR;171.36;173.80;171.28;173.80;"26/01/2024 17:35";CET;542725;94009571.56;173.80;26/01/2024
"SAINT GOBAIN";FR0000125007;SGO;"Euronext Paris, Amsterdam, Brussels";EUR;63.58;65.18;63.46;64.57;"26/01/2024 17:38";CET;1194797;77133899.26;64.57;26/01/2024
"SAINT GOBAIN NV24";FR001400M7D8;SGONV;"Euronext Paris";EUR;-;-;-;-;-;CET;-;-;66.66;26/01/2024
"SAINT JEAN GROUPE";FR0000060121;SABE;"Euronext Paris";EUR;20.80;20.80;20.80;20.80;"26/01/2024 11:30";CET;6;124.80;20.80;26/01/2024
SAMSE;FR0000060071;SAMS;"Euronext Paris";EUR;200.00;201.00;200.00;200.00;"26/01/2024 17:35";CET;67;13403.00;200.00;26/01/2024
SANOFI;FR0000120578;SAN;"Euronext Paris";EUR;91.67;92.74;91.67;92.08;"26/01/2024 17:39";CET;1429576;131712210.95;92.08;26/01/2024
"SANOFI NV24";FR001400M6Z3;SANNV;"Euronext Paris";EUR;92.00;92.00;92.00;92.00;"26/01/2024 16:30";CET;44;4048.00;92.00;26/01/2024
"SARTORIUS STED BIO";FR0013154002;DIM;"Euronext Paris";EUR;237.20;246.90;232.00;241.40;"26/01/2024 17:36";CET;192423;46148563.20;241.40;26/01/2024
SAVENCIA;FR0000120107;SAVE;"Euronext Paris";EUR;54.00;54.00;53.20;53.40;"26/01/2024 17:35";CET;761;40628.00;53.40;26/01/2024
SCBSM;FR0006239109;CBSM;"Euronext Paris";EUR;9.10;9.10;9.10;9.10;"26/01/2024 12:27";CET;1;9.10;9.10;26/01/2024
SCHLUMBERGER;AN8068571086;SLB;"Euronext Paris";EUR;48.18;48.915;47.925;48.63;"26/01/2024 17:35";CET;5869;284051.39;48.63;26/01/2024
"SCHNEIDER ELECTRIC";FR0000121972;SU;"Euronext Paris";EUR;182.58;184.52;180.98;183.12;"26/01/2024 17:35";CET;688597;126102474.96;183.12;26/01/2024
"SCOR SE";FR0010411983;SCR;"Euronext Paris";EUR;27.84;28.23;27.84;27.89;"26/01/2024 17:35";CET;128569;3593950.08;27.89;26/01/2024
"SECHE ENVIRONNEM.";FR0000039109;SCHP;"Euronext Paris";EUR;116.00;116.20;114.40;115.20;"26/01/2024 17:35";CET;1998;230119.40;115.20;26/01/2024
"SEGRO PLC";GB00B5ZN1N88;SGRO;"Euronext Paris";EUR;11.30;11.30;11.30;11.30;"07/04/2021 13:45";CET;500;5650.00;11.00;26/01/2024
SELCODIS;FR0000065492;SLCO;"Euronext Paris";EUR;0.29;0.29;0.29;0.29;"25/03/2009 00:00";CET;2074;601.46;0.29;26/01/2024
SELECTIRENTE;FR0004175842;SELER;"Euronext Paris";EUR;92.00;92.00;92.00;92.00;"26/01/2024 11:30";CET;51;4692.00;92.00;26/01/2024
"SERGEFERRARI GROUP";FR0011950682;SEFER;"Euronext Paris";EUR;6.48;6.48;6.38;6.40;"26/01/2024 17:35";CET;3064;19719.19;6.40;26/01/2024
SES;LU0088087324;SESG;"Euronext Paris";EUR;5.89;6.015;5.835;5.99;"26/01/2024 17:36";CET;396634;2364505.66;5.99;26/01/2024
SHOWROOMPRIVE;FR0013006558;SRP;"Euronext Paris";EUR;1.042;1.06;1.016;1.034;"26/01/2024 17:35";CET;27465;28554.766;1.034;26/01/2024
SII;FR0000074122;SII;"Euronext Paris";EUR;69.90;70.00;69.80;70.00;"26/01/2024 17:35";CET;21641;1514527.80;70.00;26/01/2024
SMCP;FR0013214145;SMCP;"Euronext Paris";EUR;2.89;2.92;2.835;2.88;"26/01/2024 17:35";CET;106572;307286.05;2.88;26/01/2024
"SOC FRANC CASINOS";FR0010209809;SFCA;"Euronext Paris";EUR;1.83;1.83;1.83;1.83;"26/01/2024 11:30";CET;1;1.83;1.83;26/01/2024
"SOCIETE GENERALE";FR0000130809;GLE;"Euronext Paris";EUR;23.61;23.95;23.565;23.75;"26/01/2024 17:35";CET;3157763;75018976.905;23.75;26/01/2024
SODEXO;FR0000121220;SW;"Euronext Paris";EUR;100.35;102.40;99.80;102.10;"26/01/2024 17:35";CET;193594;19716610.71;102.10;26/01/2024
SODITECH;FR0000078321;SEC;"Euronext Paris";EUR;1.32;1.47;1.32;1.47;"26/01/2024 16:30";CET;2472;3385.14;1.47;26/01/2024
SOITEC;FR0013227113;SOI;"Euronext Paris";EUR;135.50;137.50;134.90;136.00;"26/01/2024 17:36";CET;92114;12536412.90;136.00;26/01/2024
"SOLOCAL GROUP";FR00140006O9;LOCAL;"Euronext Paris";EUR;0.0835;0.084;0.0827;0.084;"26/01/2024 17:35";CET;77337;6469.6271;0.084;26/01/2024
"SOLUTIONS 30 SE";FR0013379484;S30;"Euronext Paris";EUR;2.774;2.774;2.57;2.592;"26/01/2024 17:35";CET;1068691;2824693.618;2.592;26/01/2024
SOLVAY;BE0003470755;SOLB;"Euronext Brussels, Paris";EUR;25.69;26.96;25.62;26.41;"26/01/2024 17:35";CET;712857;18842625.59;26.41;26/01/2024
"SOPRA STERIA GROUP";FR0000050809;SOP;"Euronext Paris";EUR;210.00;215.60;207.40;214.00;"26/01/2024 17:35";CET;40655;8640758.40;214.00;26/01/2024
SPIE;FR0012757854;SPIE;"Euronext Paris";EUR;30.50;30.94;30.40;30.84;"26/01/2024 17:35";CET;205484;6324297.32;30.84;26/01/2024
SQLI;FR0011289040;SQI;"Euronext Paris";EUR;42.00;42.40;42.00;42.20;"26/01/2024 15:05";CET;16;674.00;42.20;26/01/2024
"ST DUPONT";FR0000054199;DPT;"Euronext Paris";EUR;0.071;0.074;0.067;0.0718;"26/01/2024 17:05";CET;116351;8154.7968;0.0718;26/01/2024
STEF;FR0000064271;STF;"Euronext Paris";EUR;117.20;118.40;116.80;118.40;"26/01/2024 17:35";CET;793;92961.00;118.40;26/01/2024
"STELLANTIS NV";NL00150001Q9;STLAP;"Euronext Paris";EUR;19.404;19.612;19.34;19.52;"26/01/2024 17:35";CET;1857989;36257753.54;19.52;26/01/2024
STMICROELECTRONICS;NL0000226223;STMPA;"Euronext Paris";EUR;41.43;41.76;40.75;41.30;"26/01/2024 17:37";CET;2631832;108357095.215;41.30;26/01/2024
"SWORD GROUP";FR0004180578;SWP;"Euronext Paris";EUR;37.30;38.45;37.30;38.00;"26/01/2024 17:35";CET;6227;236077.15;38.00;26/01/2024
SYENSQO;BE0974464977;SYENS;"Euronext Brussels, Paris";EUR;82.50;85.19;82.50;84.87;"26/01/2024 17:38";CET;332874;28171938.77;84.87;26/01/2024
SYNERGIE;FR0000032658;SDG;"Euronext Paris";EUR;31.05;31.30;30.85;31.30;"26/01/2024 17:35";CET;2676;82929.45;31.30;26/01/2024
TARKETT;FR0004188670;TKTT;"Euronext Paris";EUR;9.48;9.80;9.48;9.80;"26/01/2024 17:35";CET;2528;24434.80;9.80;26/01/2024
TAYNINH;FR0000063307;TAYN;"Euronext Paris";EUR;1.21;1.21;1.21;1.21;"05/01/2024 12:47";CET;200;242.00;1.21;26/01/2024
"TECHNICOLOR CS";FR001400I939;TCHCS;"Euronext Paris";EUR;1.63;1.63;1.63;1.63;"29/12/2023 17:29";CET;26438;43093.94;1.63;26/01/2024
"TECHNIP ENERGIES";NL0014559478;TE;"Euronext Paris";EUR;19.62;19.75;19.48;19.71;"26/01/2024 17:35";CET;389665;7669397.04;19.71;26/01/2024
TELEPERFORMANCE;FR0000051807;TEP;"Euronext Paris";EUR;144.40;148.80;143.75;148.50;"26/01/2024 17:37";CET;213113;31441578.65;148.50;26/01/2024
TELEVERBIER;CH0008175645;TVRB;"Euronext Paris";EUR;50.00;50.00;50.00;50.00;"24/01/2024 13:43";CET;22;1100.00;50.00;26/01/2024
TERACT;FR001400BMH7;TRACT;"Euronext Paris";EUR;1.25;1.25;1.225;1.225;"26/01/2024 17:29";CET;10054;12453.08;1.225;26/01/2024
"TERACT BS";FR0014000TB2;TERBS;"Euronext Paris";EUR;0.0005;0.001;0.0005;0.001;"14/12/2023 13:15";CET;660999;440.50;0.001;26/01/2024
TF1;FR0000054900;TFI;"Euronext Paris";EUR;8.245;8.25;8.115;8.175;"26/01/2024 17:37";CET;145387;1189511.445;8.175;26/01/2024
"TF1 NV24";FR001400M3E5;TFINV;"Euronext Paris";EUR;-;-;-;-;-;CET;-;-;7.135;26/01/2024
"TFF GROUP";FR0013295789;TFF;"Euronext Paris";EUR;43.20;43.20;43.20;43.20;"26/01/2024 17:35";CET;1008;43545.60;43.20;26/01/2024
THALES;FR0000121329;HO;"Euronext Paris";EUR;135.00;135.80;134.55;135.00;"26/01/2024 17:35";CET;218453;29508021.70;135.00;26/01/2024
"THERMADOR GROUPE";FR0013333432;THEP;"Euronext Paris";EUR;82.60;83.40;82.20;82.90;"26/01/2024 17:35";CET;763;63085.40;82.90;26/01/2024
"TIKEHAU CAPITAL";FR0013230612;TKO;"Euronext Paris";EUR;21.30;21.55;21.15;21.45;"26/01/2024 17:36";CET;30905;657939.50;21.45;26/01/2024
TIPIAK;FR0000066482;TIPI;"Euronext Paris";EUR;85.50;85.50;85.50;85.50;"25/01/2024 17:04";CET;15;1282.50;85.50;26/01/2024
"TITAN CEMENT";BE0974338700;TITC;"Euronext Brussels, Paris";EUR;23.05;23.20;22.95;23.05;"26/01/2024 17:35";CET;3694;85361.10;23.05;26/01/2024
TOTALENERGIES;FR0000120271;TTE;"Euronext Paris, Brussels";EUR;59.77;60.28;59.52;59.62;"26/01/2024 17:39";CET;3519412;210501485.08;59.62;26/01/2024
TotalEnergiesGabon;GA0000121459;EC;"Euronext Paris";EUR;151.60;151.60;150.80;151.20;"26/01/2024 17:35";CET;311;47094.80;151.20;26/01/2024
TOUAX;FR0000033003;TOUP;"Euronext Paris";EUR;5.72;5.74;5.70;5.74;"26/01/2024 17:15";CET;2214;12658.58;5.74;26/01/2024
"TOUR EIFFEL";FR0000036816;EIFF;"Euronext Paris";EUR;14.90;15.20;14.75;14.90;"26/01/2024 17:38";CET;3367;50172.20;14.90;26/01/2024
TRANSGENE;FR0005175080;TNG;"Euronext Paris";EUR;1.308;1.33;1.30;1.306;"26/01/2024 17:35";CET;7404;9711.084;1.306;26/01/2024
TRIGANO;FR0005691656;TRI;"Euronext Paris";EUR;144.20;144.80;143.20;143.80;"26/01/2024 17:35";CET;10667;1535582.80;143.80;26/01/2024
"UBISOFT ENTERTAIN";FR0000054470;UBI;"Euronext Paris";EUR;20.35;21.04;20.34;20.48;"26/01/2024 17:35";CET;432751;8899587.44;20.48;26/01/2024
UNIBAIL-RODAMCO-WE;FR0013326246;URW;"Euronext Paris";EUR;67.58;67.64;66.46;66.78;"26/01/2024 17:37";CET;382960;25627580.38;66.78;26/01/2024
UNIBEL;FR0000054215;UNBL;"Euronext Paris";EUR;985.00;985.00;985.00;985.00;"17/01/2024 11:30";CET;1;985.00;985.00;26/01/2024
"UNION TECH.INFOR.";FR0000074197;FPG;"Euronext Paris";EUR;0.58;0.58;0.565;0.58;"26/01/2024 14:57";CET;441;251.83;0.58;26/01/2024
VALEO;FR0013176526;FR;"Euronext Paris";EUR;11.71;12.17;11.63;12.09;"26/01/2024 17:37";CET;1567117;18851954.79;12.09;26/01/2024
VALLOUREC;FR0013506730;VK;"Euronext Paris";EUR;13.95;14.025;13.87;13.93;"26/01/2024 17:35";CET;785056;10954012.165;13.93;26/01/2024
"VALLOUREC BSA 21";FR00140030K7;VKBS;"Euronext Paris";EUR;-;-;-;-;-;CET;-;-;1.68;26/01/2024
VALNEVA;FR0004056851;VLA;"Euronext Paris";EUR;3.696;3.865;3.665;3.793;"26/01/2024 17:35";CET;430064;1628455.32;3.793;26/01/2024
VANTIVA;FR0013505062;VANTI;"Euronext Paris";EUR;0.154;0.156;0.1502;0.153;"26/01/2024 17:35";CET;344831;52956.9986;0.153;26/01/2024
"VANTIVA BSA 2024";FR0013526225;VANBS;"Euronext Paris";EUR;0.0022;0.0022;0.0022;0.0022;"26/01/2024 16:58";CET;1526;3.3572;0.0022;26/01/2024
"VEOLIA ENVIRON.";FR0000124141;VIE;"Euronext Paris";EUR;29.40;29.82;29.36;29.75;"26/01/2024 17:38";CET;2137812;63480621.72;29.75;26/01/2024
VERALLIA;FR0013447729;VRLA;"Euronext Paris";EUR;32.78;33.98;32.68;33.86;"26/01/2024 17:36";CET;145827;4907068.62;33.86;26/01/2024
VERIMATRIX;FR0010291245;VMX;"Euronext Paris";EUR;0.37;0.375;0.3655;0.3745;"26/01/2024 17:35";CET;50446;18767.5535;0.3745;26/01/2024
VETOQUINOL;FR0004186856;VETO;"Euronext Paris";EUR;101.00;102.60;100.60;102.00;"26/01/2024 17:35";CET;3277;334124.40;102.00;26/01/2024
VICAT;FR0000031775;VCT;"Euronext Paris";EUR;35.95;36.70;35.95;36.65;"26/01/2024 17:35";CET;32396;1180853.70;36.65;26/01/2024
"VIEL ET COMPAGNIE";FR0000050049;VIL;"Euronext Paris";EUR;8.28;8.30;8.10;8.30;"26/01/2024 17:35";CET;4439;36236.16;8.30;26/01/2024
VINCI;FR0000125486;DG;"Euronext Paris";EUR;118.16;119.00;117.92;118.26;"26/01/2024 17:35";CET;576539;68226277.42;118.26;26/01/2024
VIRBAC;FR0000031577;VIRP;"Euronext Paris";EUR;338.50;340.50;338.00;338.00;"26/01/2024 17:35";CET;7526;2550911.00;338.00;26/01/2024
VITURA;FR0010309096;VTR;"Euronext Paris";EUR;13.40;13.40;13.40;13.40;"26/01/2024 09:00";CET;1;13.40;13.40;26/01/2024
"VIVENDI SE";FR0000127771;VIV;"Euronext Paris";EUR;10.10;10.26;10.065;10.21;"26/01/2024 17:35";CET;3482769;35516134.53;10.21;26/01/2024
VOLTALIA;FR0011995588;VLTSA;"Euronext Paris";EUR;7.75;7.95;7.73;7.81;"26/01/2024 17:35";CET;69210;542362.45;7.81;26/01/2024
VRANKEN-POMMERY;FR0000062796;VRAP;"Euronext Paris, Brussels";EUR;16.50;16.50;16.20;16.50;"26/01/2024 16:36";CET;2107;34682.10;16.50;26/01/2024
VusionGroup;FR0010282822;VU;"Euronext Paris";EUR;134.00;142.80;131.80;142.40;"26/01/2024 17:35";CET;66785;9305250.00;142.40;26/01/2024
"WAGA ENERGY";FR0012532810;WAGA;"Euronext Paris";EUR;26.85;26.90;25.75;26.00;"26/01/2024 17:35";CET;3769;98583.80;26.00;26/01/2024
WAVESTONE;FR0013357621;WAVE;"Euronext Paris";EUR;62.40;64.20;62.10;64.20;"26/01/2024 17:35";CET;24886;1575837.10;64.20;26/01/2024
WENDEL;FR0000121204;MF;"Euronext Paris";EUR;81.90;83.70;81.50;83.60;"26/01/2024 17:35";CET;29770;2478492.00;83.60;26/01/2024
WORLDLINE;FR0011981968;WLN;"Euronext Paris";EUR;13.83;13.83;13.06;13.06;"26/01/2024 17:35";CET;1984110;26237448.79;13.06;26/01/2024
X-FAB;BE0974310428;XFAB;"Euronext Paris";EUR;9.25;9.295;9.04;9.26;"26/01/2024 17:35";CET;125867;1154643.675;9.26;26/01/2024
"XILAM ANIMATION";FR0004034072;XIL;"Euronext Paris";EUR;4.81;5.10;4.53;4.85;"26/01/2024 17:35";CET;37121;181105.89;4.85;26/01/2024
"ZCI LIMITED";BMG9887P1068;CV;"Euronext Paris";EUR;0.17;0.20;0.17;0.20;"04/08/2015 16:20";CET;21826;3755.94;0.20;26/01/2024
